ENTIDAD,cve_mun,alcaldia,LOC,AGEB,pob_total,pob_0a2,pob_3a5,pob_60mas,pob_65mas,pob_discapacidad,pob_disc_autocuidado,pob_3a5_no_escuela,pob_sin_serv_salud,hogares,hogares_jefa,pob_0a5
09,002,Azcapotzalco,0000,0000,432205,11784,14191,78650,54863,24000,4220,3278,90370,134168,54550,25975
09,003,Coyoacán,0000,0000,614447,14791,18061,126592,90448,34446,6310,3734,160961,191517,80509,32852
09,004,Cuajimalpa de Morelos,0000,0000,217686,8030,9524,25803,16760,7684,1448,2613,52803,60436,20081,17554
09,005,Gustavo A. Madero,0000,0000,1173351,35261,42615,203469,141375,68712,11935,12505,300902,340155,135255,77876
09,006,Iztacalco,0000,0000,404695,11527,13523,70907,49074,24447,4088,3136,110116,117720,48329,25050
09,007,Iztapalapa,0000,0000,1835486,57907,69475,262064,174312,104424,16076,24183,594796,504365,193029,127382
09,008,La Magdalena Contreras,0000,0000,247622,7221,8941,38073,26066,13859,2272,2472,68100,68089,25480,16162
09,009,Milpa Alta,0000,0000,152685,5824,6993,16437,10741,7725,1252,2193,46029,39100,12570,12817
09,010,Álvaro Obregón,0000,0000,759137,21213,26306,122319,83813,38175,6653,7306,187340,219354,85169,47519
09,011,Tláhuac,0000,0000,392313,13208,16140,46196,29603,20931,3193,5077,106993,106935,38489,29348
09,012,Tlalpan,0000,0000,699928,18861,24591,108894,74056,35488,6058,6334,201070,202318,76992,43452
09,013,Xochimilco,0000,0000,442178,13749,17019,60987,40693,23115,3641,5192,137441,117113,42959,30768
09,014,Benito Juárez,0000,0000,434153,9319,11006,87344,61593,18216,3786,1755,87197,176053,77537,20325
09,015,Cuauhtémoc,0000,0000,545884,14525,17113,93809,64291,29124,4680,4345,153800,196466,88721,31638
09,016,Miguel Hidalgo,0000,0000,414470,11182,13447,71111,50183,17769,3504,2641,79709,146762,60195,24629
09,017,Venustiano Carranza,0000,0000,443704,12749,15997,78964,54234,25474,4200,3965,125162,135768,58500,28746
