alcaldia,pob_total,%_60mas,guarderias,ninos_0a5_por_guarderia,cuidado_mayores,mayores_60_por_establecimiento,%_guarderias_publicas
Cuauhtémoc,545884,17.2,59,536.0,7,13401.0,69.0
Azcapotzalco,432205,18.2,25,1039.0,6,13108.0,44.0
Iztacalco,404695,17.5,28,895.0,6,11818.0,57.0
Gustavo A. Madero,1173351,17.3,55,1416.0,25,8139.0,40.0
Venustiano Carranza,443704,17.8,30,958.0,10,7896.0,70.0
Iztapalapa,1835486,14.3,66,1930.0,37,7083.0,29.0
Miguel Hidalgo,414470,17.2,39,632.0,11,6465.0,49.0
Álvaro Obregón,759137,16.1,57,834.0,22,5560.0,35.0
Coyoacán,614447,20.6,46,714.0,23,5504.0,52.0
Tlalpan,699928,15.6,58,749.0,21,5185.0,31.0
Cuajimalpa de Morelos,217686,11.9,17,1033.0,5,5161.0,24.0
Benito Juárez,434153,20.1,55,370.0,18,4852.0,35.0
Tláhuac,392313,11.8,25,1174.0,10,4620.0,48.0
La Magdalena Contreras,247622,15.4,19,851.0,9,4230.0,53.0
Xochimilco,442178,13.8,17,1810.0,19,3210.0,24.0
Milpa Alta,152685,10.8,7,1831.0,6,2740.0,43.0
