razon,% de mujeres cuidadoras que no buscaron,nivel_geografico,fuente
No ha tenido necesidad,66.8,Nacional,"INEGI, ENASIC 2022"
El propio hogar cuida,27.1,Nacional,"INEGI, ENASIC 2022"
Apoyan otros familiares o conocidos,4.9,Nacional,"INEGI, ENASIC 2022"
Son caros,2.3,Nacional,"INEGI, ENASIC 2022"
Están lejos,2.0,Nacional,"INEGI, ENASIC 2022"
Desconfianza de que alguien ajeno cuide,1.6,Nacional,"INEGI, ENASIC 2022"
Otra razón,1.3,Nacional,"INEGI, ENASIC 2022"
Maltrato del personal,1.0,Nacional,"INEGI, ENASIC 2022"
No sabe que existen,0.9,Nacional,"INEGI, ENASIC 2022"
Le preocupa el qué dirán,0.6,Nacional,"INEGI, ENASIC 2022"
