ámbito,sexo,actividad,% que lo realiza,h/semana (quienes lo realizan),n muestral
CDMX,Mujeres,Cuidado a integrantes del hogar (total),62.2,12.2,705
CDMX,Mujeres,Cuidado a niñas/os de 0 a 5,10.9,21.0,122
CDMX,Mujeres,Cuidado a personas de 60+,11.3,4.8,129
CDMX,Mujeres,Cuidados especiales (enfermedad o discapacidad),7.2,13.8,77
CDMX,Hombres,Cuidado a integrantes del hogar (total),60.0,8.1,572
CDMX,Hombres,Cuidado a niñas/os de 0 a 5,8.8,9.9,82
CDMX,Hombres,Cuidado a personas de 60+,13.0,4.9,125
CDMX,Hombres,Cuidados especiales (enfermedad o discapacidad),6.0,6.5,55
Nacional,Mujeres,Cuidado a integrantes del hogar (total),70.9,13.6,28718
Nacional,Mujeres,Cuidado a niñas/os de 0 a 5,19.0,18.2,8226
Nacional,Mujeres,Cuidado a personas de 60+,10.0,4.7,3759
Nacional,Mujeres,Cuidados especiales (enfermedad o discapacidad),8.8,12.8,3819
Nacional,Hombres,Cuidado a integrantes del hogar (total),64.2,8.7,22127
Nacional,Hombres,Cuidado a niñas/os de 0 a 5,14.6,8.8,5333
Nacional,Hombres,Cuidado a personas de 60+,9.9,4.3,3154
Nacional,Hombres,Cuidados especiales (enfermedad o discapacidad),6.8,7.5,2542
