NOM_MUN,carga_directa_x100_mujeres,pct_hog_jefa,pct_mujeres_inactivas,mujeres_15a59,rango carga (1 = más alta)
Milpa Alta,27.3,32.1,43.6,51489,1
Cuajimalpa de Morelos,24.7,33.2,42.8,76946,2
Tláhuac,24.0,36.0,47.6,135411,3
Iztapalapa,23.1,38.3,46.4,620078,4
Xochimilco,23.1,36.7,46.4,149123,4
Gustavo A. Madero,23.1,39.8,47.9,388410,4
Venustiano Carranza,22.1,43.1,43.9,149065,7
La Magdalena Contreras,21.9,37.4,45.7,84143,8
Iztacalco,21.3,41.1,44.4,137099,9
Álvaro Obregón,20.8,38.8,43.5,260817,10
Tlalpan,20.7,38.1,44.3,239602,11
Azcapotzalco,20.5,40.7,44.8,147104,12
Miguel Hidalgo,19.6,41.0,39.0,143662,13
Cuauhtémoc,19.3,45.2,36.8,188495,14
Coyoacán,18.9,42.0,44.7,206844,15
Benito Juárez,15.6,44.0,36.0,154203,16
