NOM_MUN,agebs,alta_carga,sin_respaldo,mujeres_sin_respaldo,% AGEB de alta carga sin respaldo
Iztapalapa,445,167,25,40199,15.0
Xochimilco,113,50,19,21072,38.0
Tlalpan,192,35,12,13231,34.3
Gustavo A. Madero,298,94,9,12071,9.6
Milpa Alta,38,34,9,12056,26.5
Cuajimalpa de Morelos,31,17,6,17545,35.3
Tláhuac,104,44,4,4787,9.1
Azcapotzalco,102,13,2,1801,15.4
La Magdalena Contreras,50,12,2,2494,16.7
Cuauhtémoc,144,16,0,0,0.0
Benito Juárez,101,0,0,0,
Coyoacán,154,11,0,0,0.0
Iztacalco,107,12,0,0,0.0
Miguel Hidalgo,108,11,0,0,0.0
Venustiano Carranza,141,27,0,0,0.0
Álvaro Obregón,192,37,0,0,0.0
